{
  "meta": "Upgrade campaign with PyTorch Residual MLP hyperparameter search on dynamic synthetic manifold",
  "SEEDS": [
    42,
    7,
    13,
    23,
    88,
    99,
    101,
    107,
    113,
    127
  ],
  "CYCLES": 10,
  "wilcoxon_p_value_RAR_vs_Baseline": "0.0010",
  "data": {
    "dataset": "Dynamic Synthetic Manifold (PyTorch Residual MLP)",
    "SEEDS": [
      42,
      7,
      13,
      23,
      88,
      99,
      101,
      107,
      113,
      127
    ],
    "CYCLES": 10,
    "conditions": {
      "stateless_baseline": {
        "val_accuracies": [
          0.4469350654011513,
          0.45360260705336397,
          0.45181368077778095,
          0.44946570734198354,
          0.445450239334995,
          0.45349595722864966,
          0.4469955499486101,
          0.4455516648782178,
          0.4485453927687269,
          0.45327734610289677
        ],
        "test_accuracies": [
          0.4319096730886901,
          0.4306519503511721,
          0.4323420219418578,
          0.4320156262594936,
          0.4322972565167408,
          0.43330990535409847,
          0.4311739332330934,
          0.43076620052334935,
          0.43237022212687604,
          0.4325051012465469
        ],
        "redundancies": [
          7,
          7,
          7,
          7,
          7,
          7,
          7,
          7,
          7,
          7
        ],
        "prompt_densities": [
          0.42435,
          0.42435,
          0.42435,
          0.42435,
          0.42435,
          0.42435,
          0.42435,
          0.42435,
          0.42435,
          0.42435
        ],
        "wall_clock_latencies": [
          1.2293646335601807,
          1.6941099166870117,
          1.5118346214294434,
          7.693900108337402,
          1.8545763492584229,
          1.234429121017456,
          1.5293617248535156,
          1.3276658058166504,
          1.5325369834899902,
          1.3895132541656494
        ],
        "net_tokens": [
          18974,
          18974,
          18974,
          18974,
          18974,
          18974,
          18974,
          18974,
          18974,
          18974
        ],
        "generalization_gaps": [
          0.015025392312461194,
          0.022950656702191874,
          0.019471658835923167,
          0.017450081082489965,
          0.013152982818254222,
          0.020186051874551192,
          0.01582161671551674,
          0.014785464354868438,
          0.016175170641850867,
          0.020772244856349875
        ]
      },
      "vector_rag": {
        "val_accuracies": [
          0.4469350654011513,
          0.45360260705336397,
          0.45181368077778095,
          0.44946570734198354,
          0.445450239334995,
          0.45349595722864966,
          0.4469955499486101,
          0.4455516648782178,
          0.4485453927687269,
          0.45327734610289677
        ],
        "test_accuracies": [
          0.4319096730886901,
          0.4306519503511721,
          0.4323420219418578,
          0.4320156262594936,
          0.4322972565167408,
          0.43330990535409847,
          0.4311739332330934,
          0.43076620052334935,
          0.43237022212687604,
          0.4325051012465469
        ],
        "redundancies": [
          0,
          0,
          0,
          0,
          0,
          0,
          0,
          0,
          0,
          0
        ],
        "prompt_densities": [
          0.45097499999999996,
          0.45097499999999996,
          0.45097499999999996,
          0.45097499999999996,
          0.45097499999999996,
          0.45097499999999996,
          0.45097499999999996,
          0.45097499999999996,
          0.45097499999999996,
          0.45097499999999996
        ],
        "wall_clock_latencies": [
          1.225449562072754,
          1.2400448322296143,
          1.3213841915130615,
          1.2148935794830322,
          1.2490310668945312,
          1.502098798751831,
          1.2862567901611328,
          1.6605453491210938,
          1.415395975112915,
          1.6816020011901855
        ],
        "net_tokens": [
          20039,
          20039,
          20039,
          20039,
          20039,
          20039,
          20039,
          20039,
          20039,
          20039
        ],
        "generalization_gaps": [
          0.015025392312461194,
          0.022950656702191874,
          0.019471658835923167,
          0.017450081082489965,
          0.013152982818254222,
          0.020186051874551192,
          0.01582161671551674,
          0.014785464354868438,
          0.016175170641850867,
          0.020772244856349875
        ]
      },
      "rar_compressed": {
        "val_accuracies": [
          0.46014947422976915,
          0.45827324242882644,
          0.45632901634027345,
          0.45926028426084153,
          0.45544485231085674,
          0.4608769918583851,
          0.45851122568700065,
          0.4569008453941642,
          0.4561672687933992,
          0.4591952186800958
        ],
        "test_accuracies": [
          0.44300713726450364,
          0.44110222308625086,
          0.4419641937230773,
          0.44300777708963573,
          0.44143038394662276,
          0.4413371398499222,
          0.4410506600257902,
          0.44089103334708435,
          0.44184914347945153,
          0.44186353900939535
        ],
        "redundancies": [
          6,
          6,
          6,
          6,
          6,
          6,
          6,
          6,
          6,
          6
        ],
        "prompt_densities": [
          0.315125,
          0.315125,
          0.315125,
          0.315125,
          0.315125,
          0.315125,
          0.315125,
          0.315125,
          0.315125,
          0.315125
        ],
        "wall_clock_latencies": [
          1.2504630088806152,
          1.6009161472320557,
          1.2655088901519775,
          2.3919105529785156,
          1.4405109882354736,
          1.2471837997436523,
          1.7179231643676758,
          1.2777082920074463,
          1.6832034587860107,
          1.4233336448669434
        ],
        "net_tokens": [
          14605,
          14605,
          14605,
          14605,
          14605,
          14605,
          14605,
          14605,
          14605,
          14605
        ],
        "generalization_gaps": [
          0.017142336965265514,
          0.01717101934257559,
          0.014364822617196127,
          0.0162525071712058,
          0.014014468364233978,
          0.01953985200846292,
          0.01746056566121046,
          0.016009812047079852,
          0.01431812531394766,
          0.01733167967070043
        ]
      }
    }
  }
}