{
  "p_value": "0.7539",
  "stateless": {
    "val": [
      42.58999999999999,
      0.9585927185202292
    ],
    "test": [
      40.486,
      1.2848361763275504
    ],
    "density": [
      1.4111620833333334,
      0.0009496535369690781
    ],
    "tokens": [
      350678.9,
      227.91684887256582
    ]
  },
  "vector_rag": {
    "val": [
      41.45,
      1.044270080008039
    ],
    "test": [
      40.651999999999994,
      1.1727642559355214
    ],
    "density": [
      0.6604699999999999,
      0.001195128712268765
    ],
    "tokens": [
      170512.8,
      286.8308909444727
    ]
  },
  "rar": {
    "val": [
      42.17,
      1.010000000000001
    ],
    "test": [
      40.312,
      1.1205070280904066
    ],
    "density": [
      0.4115854166666666,
      0.0030907603399756883
    ],
    "tokens": [
      110780.5,
      741.7824815941665
    ]
  },
  "rar_vs_baseline": {
    "density_change_pct": -70.83358307824905,
    "token_change_pct": -68.40970471847608
  },
  "vector_vs_baseline": {
    "density_change_pct": -53.19673000000886,
    "token_change_pct": -51.37637308660431
  }
}