{
  "completed_seeds": [
    7,
    13,
    23,
    42,
    88,
    99,
    101,
    107,
    113,
    127
  ],
  "conditions": {
    "stateless_baseline": {
      "val_accuracies": [
        0.434,
        0.447,
        0.431,
        0.411,
        0.421,
        0.422,
        0.427,
        0.419,
        0.429,
        0.418
      ],
      "test_accuracies": [
        0.38720000000000004,
        0.39879999999999993,
        0.4178,
        0.3934,
        0.4324,
        0.40800000000000003,
        0.4152,
        0.3962,
        0.4008,
        0.39880000000000004
      ],
      "redundancies": [
        4,
        6,
        6,
        4,
        7,
        7,
        6,
        7,
        2,
        5
      ],
      "prompt_densities": [
        1.4098708333333332,
        1.4111333333333334,
        1.4106291666666666,
        1.4123875000000001,
        1.4121916666666665,
        1.4121791666666668,
        1.4107916666666667,
        1.4113625,
        1.4094166666666665,
        1.4116583333333332
      ],
      "wall_clock_latencies": [
        643.4869050979614,
        649.8213222026825,
        638.6393465995789,
        620.171097278595,
        651.180104970932,
        626.5291638374329,
        620.757976770401,
        623.4124374389648,
        643.537514925003,
        622.240727186203
      ],
      "net_tokens": [
        350369,
        350672,
        350551,
        350973,
        350926,
        350923,
        350590,
        350727,
        350260,
        350798
      ],
      "generalization_gaps": [
        0.04679999999999995,
        0.048200000000000076,
        0.01319999999999999,
        0.01759999999999995,
        0.011400000000000021,
        0.013999999999999957,
        0.011799999999999977,
        0.022799999999999987,
        0.028200000000000003,
        0.01919999999999994
      ],
      "llm_proposal_counts": [
        50,
        50,
        50,
        50,
        50,
        50,
        50,
        50,
        50,
        50
      ],
      "heuristic_proposal_counts": [
        0,
        0,
        0,
        0,
        0,
        0,
        0,
        0,
        0,
        0
      ]
    },
    "vector_rag": {
      "val_accuracies": [
        0.412,
        0.429,
        0.423,
        0.414,
        0.428,
        0.418,
        0.414,
        0.411,
        0.393,
        0.403
      ],
      "test_accuracies": [
        0.4016,
        0.3998,
        0.4258,
        0.41479999999999995,
        0.42379999999999995,
        0.3988,
        0.41579999999999995,
        0.39759999999999995,
        0.39159999999999995,
        0.39560000000000006
      ],
      "redundancies": [
        41,
        34,
        41,
        39,
        45,
        34,
        42,
        38,
        42,
        36
      ],
      "prompt_densities": [
        0.6615083333333334,
        0.6596333333333333,
        0.6582624999999996,
        0.6622375000000001,
        0.6613791666666667,
        0.6593333333333332,
        0.6605749999999999,
        0.6617875000000002,
        0.6602958333333331,
        0.6596875000000001
      ],
      "wall_clock_latencies": [
        528.4958662986755,
        513.0204274654388,
        441.9868061542511,
        500.8745312690735,
        660.6478409767151,
        468.71278643608093,
        550.212944984436,
        492.6365029811859,
        517.781937122345,
        550.2669498920441
      ],
      "net_tokens": [
        170762,
        170312,
        169983,
        170937,
        170731,
        170240,
        170538,
        170829,
        170471,
        170325
      ],
      "generalization_gaps": [
        0.010399999999999965,
        0.029200000000000004,
        0.0028000000000000247,
        0.0007999999999999674,
        0.004200000000000037,
        0.019199999999999995,
        0.0017999999999999683,
        0.013400000000000023,
        0.0014000000000000679,
        0.007399999999999962
      ],
      "llm_proposal_counts": [
        50,
        50,
        50,
        50,
        50,
        50,
        50,
        50,
        50,
        50
      ],
      "heuristic_proposal_counts": [
        0,
        0,
        0,
        0,
        0,
        0,
        0,
        0,
        0,
        0
      ]
    },
    "rar_compressed": {
      "val_accuracies": [
        0.43,
        0.434,
        0.425,
        0.405,
        0.424,
        0.437,
        0.422,
        0.417,
        0.416,
        0.407
      ],
      "test_accuracies": [
        0.396,
        0.4006,
        0.4154,
        0.40140000000000003,
        0.42000000000000004,
        0.41479999999999995,
        0.4109999999999999,
        0.3834000000000001,
        0.39720000000000005,
        0.3914
      ],
      "redundancies": [
        4,
        2,
        1,
        1,
        3,
        6,
        3,
        4,
        1,
        2
      ],
      "prompt_densities": [
        0.41047083333333334,
        0.41538749999999997,
        0.41218333333333335,
        0.4101875,
        0.40750416666666667,
        0.40777083333333336,
        0.4124458333333333,
        0.41762083333333333,
        0.41323333333333334,
        0.40904999999999997
      ],
      "wall_clock_latencies": [
        675.2446653842926,
        725.1217768192291,
        691.2960979938507,
        687.9363167285919,
        693.7900698184967,
        663.4251947402954,
        684.7163982391357,
        699.6819722652435,
        676.7973384857178,
        700.769294500351
      ],
      "net_tokens": [
        110513,
        111693,
        110924,
        110445,
        109801,
        109865,
        110987,
        112229,
        111176,
        110172
      ],
      "generalization_gaps": [
        0.033999999999999975,
        0.033399999999999985,
        0.009599999999999997,
        0.003599999999999992,
        0.003999999999999948,
        0.022200000000000053,
        0.011000000000000065,
        0.03359999999999991,
        0.018799999999999928,
        0.015599999999999947
      ],
      "llm_proposal_counts": [
        47,
        50,
        50,
        50,
        50,
        49,
        50,
        50,
        50,
        50
      ],
      "heuristic_proposal_counts": [
        3,
        0,
        0,
        0,
        0,
        1,
        0,
        0,
        0,
        0
      ]
    }
  }
}