{
  "meta": "Merged per-seed campaign (PyTorch Residual MLP); dataset tag=digits",
  "dataset_tag": "digits",
  "SEEDS": [
    7,
    13,
    23,
    42,
    88,
    99,
    101,
    107,
    113,
    127
  ],
  "CYCLES": 60,
  "wilcoxon_p_value_RAR_vs_Baseline": "0.4727",
  "data": {
    "dataset": "digits",
    "SEEDS": [
      7,
      13,
      23,
      42,
      88,
      99,
      101,
      107,
      113,
      127
    ],
    "CYCLES": 60,
    "conditions": {
      "stateless_baseline": {
        "val_accuracies": [
          0.9599109131403119,
          0.9755011135857461,
          0.9732739420935412,
          0.9665924276169265,
          0.9710467706013363,
          0.977728285077951,
          0.9732739420935412,
          0.9821826280623608,
          0.977728285077951,
          0.9710467706013363
        ],
        "test_accuracies": [
          0.9648888888888889,
          0.9546666666666667,
          0.9728888888888889,
          0.9737777777777777,
          0.9582222222222223,
          0.9564444444444445,
          0.9662222222222223,
          0.9546666666666667,
          0.944,
          0.9626666666666666
        ],
        "redundancies": [
          0,
          1,
          0,
          0,
          0,
          0,
          1,
          0,
          1,
          0
        ],
        "prompt_densities": [
          1.4093333333333333,
          1.4075291666666667,
          1.4090333333333334,
          1.4122458333333332,
          1.4090208333333332,
          1.4091125,
          1.4088125,
          1.4092583333333335,
          1.4098250000000003,
          1.4095125000000002
        ],
        "wall_clock_latencies": [
          564.9281117916107,
          607.3167788982391,
          555.665908575058,
          782.771938085556,
          746.0970437526703,
          607.8423614501953,
          522.8148083686829,
          958.3993992805481,
          653.8810143470764,
          779.7920377254486
        ],
        "net_tokens": [
          350240,
          349807,
          350168,
          350939,
          350165,
          350187,
          350115,
          350222,
          350358,
          350283
        ],
        "generalization_gaps": [
          0.004977975748577057,
          0.02083444691907943,
          0.0003850532046523192,
          0.0071853501608512005,
          0.012824548379113954,
          0.021283840633506412,
          0.007051719871318918,
          0.027515961395694122,
          0.033728285077951004,
          0.008380103934669703
        ]
      },
      "vector_rag": {
        "val_accuracies": [
          0.9643652561247216,
          0.9665924276169265,
          0.977728285077951,
          0.9710467706013363,
          0.9732739420935412,
          0.977728285077951,
          0.977728285077951,
          0.9755011135857461,
          0.9665924276169265,
          0.9665924276169265
        ],
        "test_accuracies": [
          0.920888888888889,
          0.9560000000000001,
          0.9693333333333334,
          0.9671111111111111,
          0.9542222222222222,
          0.9644444444444444,
          0.9506666666666668,
          0.9595555555555556,
          0.9586666666666666,
          0.9697777777777778
        ],
        "redundancies": [
          33,
          30,
          32,
          27,
          33,
          31,
          38,
          23,
          26,
          30
        ],
        "prompt_densities": [
          0.6583958333333334,
          0.6597208333333333,
          0.6588208333333334,
          0.6605666666666669,
          0.6601708333333333,
          0.6621791666666664,
          0.6612166666666666,
          0.6608791666666668,
          0.6609416666666669,
          0.6630125000000001
        ],
        "wall_clock_latencies": [
          299.4468426704407,
          365.6372056007385,
          376.8646147251129,
          362.15909123420715,
          366.3117690086365,
          318.61166501045227,
          384.729026556015,
          416.2836060523987,
          359.8151104450226,
          418.69402265548706
        ],
        "net_tokens": [
          170015,
          170333,
          170117,
          170536,
          170441,
          170923,
          170692,
          170611,
          170626,
          171123
        ],
        "generalization_gaps": [
          0.04347636723583259,
          0.01059242761692647,
          0.008394951744617574,
          0.0039356594902251185,
          0.01905171987131904,
          0.013283840633506516,
          0.027061618411284183,
          0.015945558030190488,
          0.007925760950259986,
          0.003185350160851308
        ]
      },
      "rar_compressed": {
        "val_accuracies": [
          0.9710467706013363,
          0.9799554565701559,
          0.9732739420935412,
          0.9621380846325167,
          0.9688195991091314,
          0.9799554565701559,
          0.9732739420935412,
          0.9821826280623608,
          0.9755011135857461,
          0.9755011135857461
        ],
        "test_accuracies": [
          0.9648888888888889,
          0.9697777777777778,
          0.9737777777777777,
          0.9706666666666667,
          0.9648888888888889,
          0.9675555555555556,
          0.8422222222222222,
          0.9546666666666667,
          0.9555555555555555,
          0.9471111111111112
        ],
        "redundancies": [
          7,
          14,
          15,
          21,
          4,
          10,
          9,
          11,
          14,
          10
        ],
        "prompt_densities": [
          0.38450416666666665,
          0.39268749999999997,
          0.3914458333333333,
          0.3865791666666667,
          0.3812666666666667,
          0.39157916666666664,
          0.38655416666666664,
          0.41872499999999996,
          0.3903208333333333,
          0.38629166666666664
        ],
        "wall_clock_latencies": [
          423.59585428237915,
          411.83908104896545,
          420.29749274253845,
          418.5454626083374,
          409.89711594581604,
          424.4106602668762,
          415.85526156425476,
          428.77994298934937,
          451.7911648750305,
          415.06775879859924
        ],
        "net_tokens": [
          104281,
          106245,
          105947,
          104779,
          103504,
          105979,
          104773,
          112494,
          105677,
          104710
        ],
        "generalization_gaps": [
          0.006157881712447355,
          0.010177678792378075,
          0.0005038356842365088,
          0.008528582034149967,
          0.003930710220242495,
          0.012399901014600312,
          0.13105171987131903,
          0.027515961395694122,
          0.019945558030190602,
          0.028390002474634857
        ]
      }
    }
  }
}