{
  "meta": "Merged per-seed campaign (PyTorch Residual MLP on dynamic synthetic manifold)",
  "SEEDS": [
    7,
    13,
    23,
    42,
    88,
    99,
    101,
    107,
    113,
    127
  ],
  "CYCLES": 60,
  "wilcoxon_p_value_RAR_vs_Baseline": "0.2461",
  "data": {
    "dataset": "Dynamic Synthetic Manifold (PyTorch Residual MLP)",
    "SEEDS": [
      7,
      13,
      23,
      42,
      88,
      99,
      101,
      107,
      113,
      127
    ],
    "CYCLES": 60,
    "conditions": {
      "stateless_baseline": {
        "val_accuracies": [
          0.43,
          0.434,
          0.411,
          0.416,
          0.424,
          0.432,
          0.423,
          0.435,
          0.423,
          0.418
        ],
        "test_accuracies": [
          0.39740000000000003,
          0.41340000000000005,
          0.42000000000000004,
          0.39399999999999996,
          0.41879999999999995,
          0.3886,
          0.4016,
          0.395,
          0.39560000000000006,
          0.3876
        ],
        "redundancies": [
          0,
          2,
          0,
          1,
          0,
          0,
          0,
          0,
          0,
          1
        ],
        "prompt_densities": [
          1.4088625000000001,
          1.4092166666666668,
          1.4103749999999997,
          1.408554166666667,
          1.4093499999999999,
          1.4106166666666666,
          1.4083125,
          1.4098333333333335,
          1.4102124999999996,
          1.4083916666666665
        ],
        "wall_clock_latencies": [
          510.4156188964844,
          718.5135338306427,
          543.1100964546204,
          636.4076731204987,
          526.7886066436768,
          624.8749098777771,
          675.7901973724365,
          598.9994356632233,
          580.5505437850952,
          705.5553724765778
        ],
        "net_tokens": [
          350127,
          350212,
          350490,
          350053,
          350244,
          350548,
          349995,
          350360,
          350451,
          350014
        ],
        "generalization_gaps": [
          0.03259999999999996,
          0.02059999999999995,
          0.009000000000000064,
          0.02200000000000002,
          0.005200000000000038,
          0.043399999999999994,
          0.021399999999999975,
          0.03999999999999998,
          0.027399999999999924,
          0.030399999999999983
        ]
      },
      "vector_rag": {
        "val_accuracies": [
          0.432,
          0.428,
          0.403,
          0.425,
          0.409,
          0.422,
          0.414,
          0.412,
          0.407,
          0.412
        ],
        "test_accuracies": [
          0.4006,
          0.4231999999999999,
          0.40259999999999996,
          0.38260000000000005,
          0.42800000000000005,
          0.40659999999999996,
          0.41579999999999995,
          0.3872,
          0.38820000000000005,
          0.38380000000000003
        ],
        "redundancies": [
          35,
          30,
          30,
          36,
          27,
          34,
          31,
          36,
          36,
          37
        ],
        "prompt_densities": [
          0.6576666666666667,
          0.6612624999999998,
          0.6619583333333334,
          0.6591666666666666,
          0.6619124999999999,
          0.6605666666666666,
          0.6605791666666666,
          0.6625000000000001,
          0.6591500000000001,
          0.6595000000000001
        ],
        "wall_clock_latencies": [
          440.94676661491394,
          361.95706605911255,
          476.10270261764526,
          380.4702687263489,
          369.2292857170105,
          410.7974238395691,
          350.22273325920105,
          400.81787180900574,
          360.79444193840027,
          340.4350368976593
        ],
        "net_tokens": [
          169840,
          170703,
          170870,
          170200,
          170859,
          170536,
          170539,
          171000,
          170196,
          170280
        ],
        "generalization_gaps": [
          0.031399999999999983,
          0.004800000000000082,
          0.00040000000000006697,
          0.04239999999999994,
          0.019000000000000072,
          0.015400000000000025,
          0.0017999999999999683,
          0.02479999999999999,
          0.018799999999999928,
          0.028199999999999947
        ]
      },
      "rar_compressed": {
        "val_accuracies": [
          0.447,
          0.433,
          0.422,
          0.426,
          0.417,
          0.424,
          0.437,
          0.424,
          0.417,
          0.428
        ],
        "test_accuracies": [
          0.3856,
          0.40700000000000003,
          0.4204,
          0.396,
          0.43079999999999996,
          0.4042,
          0.39540000000000003,
          0.42919999999999997,
          0.3844,
          0.3968
        ],
        "redundancies": [
          4,
          7,
          12,
          17,
          6,
          4,
          8,
          7,
          10,
          3
        ],
        "prompt_densities": [
          0.38187083333333327,
          0.3936583333333334,
          0.386125,
          0.38891666666666663,
          0.38179583333333333,
          0.3874458333333334,
          0.3869583333333333,
          0.3918,
          0.39135000000000003,
          0.38738749999999994
        ],
        "wall_clock_latencies": [
          393.49334955215454,
          401.3476896286011,
          397.73541378974915,
          464.4846246242523,
          385.9451551437378,
          510.88576436042786,
          468.9522514343262,
          426.12114453315735,
          488.369882106781,
          396.7829580307007
        ],
        "net_tokens": [
          103649,
          106478,
          104670,
          105340,
          103631,
          104987,
          104870,
          106032,
          105924,
          104973
        ],
        "generalization_gaps": [
          0.06140000000000001,
          0.025999999999999968,
          0.0015999999999999903,
          0.02999999999999997,
          0.013799999999999979,
          0.019799999999999984,
          0.04159999999999997,
          0.005199999999999982,
          0.03259999999999996,
          0.031200000000000006
        ]
      }
    }
  }
}